{
  "ABIRoot": {
    "kind": "Root",
    "name": "TopLevel",
    "printedName": "TopLevel",
    "children": [
      {
        "kind": "TypeDecl",
        "name": "EENSDKError",
        "printedName": "EENSDKError",
        "children": [
          {
            "kind": "Var",
            "name": "code",
            "printedName": "code",
            "children": [
              {
                "kind": "TypeNominal",
                "name": "EENSDKErrorCode",
                "printedName": "EENSDK_iOS.EENSDKErrorCode",
                "usr": "c:@M@EENSDK_iOS@E@EENSDKErrorCode"
              }
            ],
            "declKind": "Var",
            "usr": "c:@M@EENSDK_iOS@objc(cs)EENSDKError(py)code",
            "mangledName": "$s10EENSDK_iOS11EENSDKErrorC4codeAA0C4CodeOvp",
            "moduleName": "EENSDK_iOS",
            "declAttributes": [
              "Final",
              "HasStorage",
              "AccessControl",
              "ObjC"
            ],
            "isLet": true,
            "hasStorage": true,
            "accessors": [
              {
                "kind": "Accessor",
                "name": "Get",
                "printedName": "Get()",
                "children": [
                  {
                    "kind": "TypeNominal",
                    "name": "EENSDKErrorCode",
                    "printedName": "EENSDK_iOS.EENSDKErrorCode",
                    "usr": "c:@M@EENSDK_iOS@E@EENSDKErrorCode"
                  }
                ],
                "declKind": "Accessor",
                "usr": "c:@M@EENSDK_iOS@objc(cs)EENSDKError(im)code",
                "mangledName": "$s10EENSDK_iOS11EENSDKErrorC4codeAA0C4CodeOvg",
                "moduleName": "EENSDK_iOS",
                "implicit": true,
                "declAttributes": [
                  "Final",
                  "ObjC"
                ],
                "accessorKind": "get"
              }
            ]
          },
          {
            "kind": "Var",
            "name": "generalMessage",
            "printedName": "generalMessage",
            "children": [
              {
                "kind": "TypeNominal",
                "name": "String",
                "printedName": "Swift.String",
                "usr": "s:SS"
              }
            ],
            "declKind": "Var",
            "usr": "c:@M@EENSDK_iOS@objc(cs)EENSDKError(py)generalMessage",
            "mangledName": "$s10EENSDK_iOS11EENSDKErrorC14generalMessageSSvp",
            "moduleName": "EENSDK_iOS",
            "declAttributes": [
              "Final",
              "HasStorage",
              "AccessControl",
              "ObjC"
            ],
            "isLet": true,
            "hasStorage": true,
            "accessors": [
              {
                "kind": "Accessor",
                "name": "Get",
                "printedName": "Get()",
                "children": [
                  {
                    "kind": "TypeNominal",
                    "name": "String",
                    "printedName": "Swift.String",
                    "usr": "s:SS"
                  }
                ],
                "declKind": "Accessor",
                "usr": "c:@M@EENSDK_iOS@objc(cs)EENSDKError(im)generalMessage",
                "mangledName": "$s10EENSDK_iOS11EENSDKErrorC14generalMessageSSvg",
                "moduleName": "EENSDK_iOS",
                "implicit": true,
                "declAttributes": [
                  "Final",
                  "ObjC"
                ],
                "accessorKind": "get"
              }
            ]
          },
          {
            "kind": "Var",
            "name": "detailMessage",
            "printedName": "detailMessage",
            "children": [
              {
                "kind": "TypeNominal",
                "name": "Optional",
                "printedName": "Swift.String?",
                "children": [
                  {
                    "kind": "TypeNominal",
                    "name": "String",
                    "printedName": "Swift.String",
                    "usr": "s:SS"
                  }
                ],
                "usr": "s:Sq"
              }
            ],
            "declKind": "Var",
            "usr": "c:@M@EENSDK_iOS@objc(cs)EENSDKError(py)detailMessage",
            "mangledName": "$s10EENSDK_iOS11EENSDKErrorC13detailMessageSSSgvp",
            "moduleName": "EENSDK_iOS",
            "declAttributes": [
              "Final",
              "HasStorage",
              "AccessControl",
              "ObjC"
            ],
            "isLet": true,
            "hasStorage": true,
            "accessors": [
              {
                "kind": "Accessor",
                "name": "Get",
                "printedName": "Get()",
                "children": [
                  {
                    "kind": "TypeNominal",
                    "name": "Optional",
                    "printedName": "Swift.String?",
                    "children": [
                      {
                        "kind": "TypeNominal",
                        "name": "String",
                        "printedName": "Swift.String",
                        "usr": "s:SS"
                      }
                    ],
                    "usr": "s:Sq"
                  }
                ],
                "declKind": "Accessor",
                "usr": "c:@M@EENSDK_iOS@objc(cs)EENSDKError(im)detailMessage",
                "mangledName": "$s10EENSDK_iOS11EENSDKErrorC13detailMessageSSSgvg",
                "moduleName": "EENSDK_iOS",
                "implicit": true,
                "declAttributes": [
                  "Final",
                  "ObjC"
                ],
                "accessorKind": "get"
              }
            ]
          },
          {
            "kind": "Constructor",
            "name": "init",
            "printedName": "init()",
            "children": [
              {
                "kind": "TypeNominal",
                "name": "EENSDKError",
                "printedName": "EENSDK_iOS.EENSDKError",
                "usr": "c:@M@EENSDK_iOS@objc(cs)EENSDKError"
              }
            ],
            "declKind": "Constructor",
            "usr": "c:@M@EENSDK_iOS@objc(cs)EENSDKError(im)init",
            "mangledName": "$s10EENSDK_iOS11EENSDKErrorCACycfc",
            "moduleName": "EENSDK_iOS",
            "overriding": true,
            "implicit": true,
            "objc_name": "init",
            "declAttributes": [
              "Dynamic",
              "ObjC",
              "Override"
            ],
            "init_kind": "Designated"
          }
        ],
        "declKind": "Class",
        "usr": "c:@M@EENSDK_iOS@objc(cs)EENSDKError",
        "mangledName": "$s10EENSDK_iOS11EENSDKErrorC",
        "moduleName": "EENSDK_iOS",
        "declAttributes": [
          "AccessControl",
          "ObjC",
          "RawDocComment"
        ],
        "superclassUsr": "c:objc(cs)NSObject",
        "hasMissingDesignatedInitializers": true,
        "superclassNames": [
          "ObjectiveC.NSObject"
        ],
        "conformances": [
          {
            "kind": "Conformance",
            "name": "Equatable",
            "printedName": "Equatable",
            "usr": "s:SQ",
            "mangledName": "$sSQ"
          },
          {
            "kind": "Conformance",
            "name": "Hashable",
            "printedName": "Hashable",
            "usr": "s:SH",
            "mangledName": "$sSH"
          },
          {
            "kind": "Conformance",
            "name": "CVarArg",
            "printedName": "CVarArg",
            "usr": "s:s7CVarArgP",
            "mangledName": "$ss7CVarArgP"
          },
          {
            "kind": "Conformance",
            "name": "_KeyValueCodingAndObservingPublishing",
            "printedName": "_KeyValueCodingAndObservingPublishing",
            "usr": "s:10Foundation37_KeyValueCodingAndObservingPublishingP",
            "mangledName": "$s10Foundation37_KeyValueCodingAndObservingPublishingP"
          },
          {
            "kind": "Conformance",
            "name": "_KeyValueCodingAndObserving",
            "printedName": "_KeyValueCodingAndObserving",
            "usr": "s:10Foundation27_KeyValueCodingAndObservingP",
            "mangledName": "$s10Foundation27_KeyValueCodingAndObservingP"
          },
          {
            "kind": "Conformance",
            "name": "CustomStringConvertible",
            "printedName": "CustomStringConvertible",
            "usr": "s:s23CustomStringConvertibleP",
            "mangledName": "$ss23CustomStringConvertibleP"
          },
          {
            "kind": "Conformance",
            "name": "CustomDebugStringConvertible",
            "printedName": "CustomDebugStringConvertible",
            "usr": "s:s28CustomDebugStringConvertibleP",
            "mangledName": "$ss28CustomDebugStringConvertibleP"
          }
        ]
      },
      {
        "kind": "TypeDecl",
        "name": "EENSDKErrorCode",
        "printedName": "EENSDKErrorCode",
        "children": [
          {
            "kind": "Var",
            "name": "internalError",
            "printedName": "internalError",
            "children": [
              {
                "kind": "TypeFunc",
                "name": "Function",
                "printedName": "(EENSDK_iOS.EENSDKErrorCode.Type) -> EENSDK_iOS.EENSDKErrorCode",
                "children": [
                  {
                    "kind": "TypeNominal",
                    "name": "EENSDKErrorCode",
                    "printedName": "EENSDK_iOS.EENSDKErrorCode",
                    "usr": "c:@M@EENSDK_iOS@E@EENSDKErrorCode"
                  },
                  {
                    "kind": "TypeNominal",
                    "name": "Metatype",
                    "printedName": "EENSDK_iOS.EENSDKErrorCode.Type",
                    "children": [
                      {
                        "kind": "TypeNominal",
                        "name": "EENSDKErrorCode",
                        "printedName": "EENSDK_iOS.EENSDKErrorCode",
                        "usr": "c:@M@EENSDK_iOS@E@EENSDKErrorCode"
                      }
                    ]
                  }
                ]
              }
            ],
            "declKind": "EnumElement",
            "usr": "c:@M@EENSDK_iOS@E@EENSDKErrorCode@EENSDKErrorCodeInternalError",
            "mangledName": "$s10EENSDK_iOS15EENSDKErrorCodeO13internalErroryA2CmF",
            "moduleName": "EENSDK_iOS",
            "declAttributes": [
              "RawDocComment",
              "ObjC"
            ],
            "fixedbinaryorder": 0
          },
          {
            "kind": "Var",
            "name": "authenticationError",
            "printedName": "authenticationError",
            "children": [
              {
                "kind": "TypeFunc",
                "name": "Function",
                "printedName": "(EENSDK_iOS.EENSDKErrorCode.Type) -> EENSDK_iOS.EENSDKErrorCode",
                "children": [
                  {
                    "kind": "TypeNominal",
                    "name": "EENSDKErrorCode",
                    "printedName": "EENSDK_iOS.EENSDKErrorCode",
                    "usr": "c:@M@EENSDK_iOS@E@EENSDKErrorCode"
                  },
                  {
                    "kind": "TypeNominal",
                    "name": "Metatype",
                    "printedName": "EENSDK_iOS.EENSDKErrorCode.Type",
                    "children": [
                      {
                        "kind": "TypeNominal",
                        "name": "EENSDKErrorCode",
                        "printedName": "EENSDK_iOS.EENSDKErrorCode",
                        "usr": "c:@M@EENSDK_iOS@E@EENSDKErrorCode"
                      }
                    ]
                  }
                ]
              }
            ],
            "declKind": "EnumElement",
            "usr": "c:@M@EENSDK_iOS@E@EENSDKErrorCode@EENSDKErrorCodeAuthenticationError",
            "mangledName": "$s10EENSDK_iOS15EENSDKErrorCodeO19authenticationErroryA2CmF",
            "moduleName": "EENSDK_iOS",
            "declAttributes": [
              "RawDocComment",
              "ObjC"
            ],
            "fixedbinaryorder": 1
          },
          {
            "kind": "Constructor",
            "name": "init",
            "printedName": "init(rawValue:)",
            "children": [
              {
                "kind": "TypeNominal",
                "name": "Optional",
                "printedName": "EENSDK_iOS.EENSDKErrorCode?",
                "children": [
                  {
                    "kind": "TypeNominal",
                    "name": "EENSDKErrorCode",
                    "printedName": "EENSDK_iOS.EENSDKErrorCode",
                    "usr": "c:@M@EENSDK_iOS@E@EENSDKErrorCode"
                  }
                ],
                "usr": "s:Sq"
              },
              {
                "kind": "TypeNominal",
                "name": "Int",
                "printedName": "Swift.Int",
                "usr": "s:Si"
              }
            ],
            "declKind": "Constructor",
            "usr": "s:10EENSDK_iOS15EENSDKErrorCodeO8rawValueACSgSi_tcfc",
            "mangledName": "$s10EENSDK_iOS15EENSDKErrorCodeO8rawValueACSgSi_tcfc",
            "moduleName": "EENSDK_iOS",
            "implicit": true,
            "init_kind": "Designated"
          },
          {
            "kind": "Var",
            "name": "rawValue",
            "printedName": "rawValue",
            "children": [
              {
                "kind": "TypeNominal",
                "name": "Int",
                "printedName": "Swift.Int",
                "usr": "s:Si"
              }
            ],
            "declKind": "Var",
            "usr": "s:10EENSDK_iOS15EENSDKErrorCodeO8rawValueSivp",
            "mangledName": "$s10EENSDK_iOS15EENSDKErrorCodeO8rawValueSivp",
            "moduleName": "EENSDK_iOS",
            "implicit": true,
            "accessors": [
              {
                "kind": "Accessor",
                "name": "Get",
                "printedName": "Get()",
                "children": [
                  {
                    "kind": "TypeNominal",
                    "name": "Int",
                    "printedName": "Swift.Int",
                    "usr": "s:Si"
                  }
                ],
                "declKind": "Accessor",
                "usr": "s:10EENSDK_iOS15EENSDKErrorCodeO8rawValueSivg",
                "mangledName": "$s10EENSDK_iOS15EENSDKErrorCodeO8rawValueSivg",
                "moduleName": "EENSDK_iOS",
                "implicit": true,
                "accessorKind": "get"
              }
            ]
          }
        ],
        "declKind": "Enum",
        "usr": "c:@M@EENSDK_iOS@E@EENSDKErrorCode",
        "mangledName": "$s10EENSDK_iOS15EENSDKErrorCodeO",
        "moduleName": "EENSDK_iOS",
        "declAttributes": [
          "AccessControl",
          "ObjC"
        ],
        "enumRawTypeName": "Int",
        "conformances": [
          {
            "kind": "Conformance",
            "name": "Equatable",
            "printedName": "Equatable",
            "usr": "s:SQ",
            "mangledName": "$sSQ"
          },
          {
            "kind": "Conformance",
            "name": "Hashable",
            "printedName": "Hashable",
            "usr": "s:SH",
            "mangledName": "$sSH"
          },
          {
            "kind": "Conformance",
            "name": "RawRepresentable",
            "printedName": "RawRepresentable",
            "children": [
              {
                "kind": "TypeWitness",
                "name": "RawValue",
                "printedName": "RawValue",
                "children": [
                  {
                    "kind": "TypeNominal",
                    "name": "Int",
                    "printedName": "Swift.Int",
                    "usr": "s:Si"
                  }
                ]
              }
            ],
            "usr": "s:SY",
            "mangledName": "$sSY"
          }
        ]
      }
    ],
    "json_format_version": 8
  },
  "ConstValues": [
    {
      "filePath": "\/Users\/david\/projects\/vms-new-ios\/EENSDK-iOS\/EENSDK-iOS\/EENSDK-iOS\/EENSDKError.swift",
      "kind": "StringLiteral",
      "offset": 260,
      "length": 11,
      "value": "\"EENSDK_iOS.EENSDKError\""
    },
    {
      "filePath": "\/Users\/david\/projects\/vms-new-ios\/EENSDK-iOS\/EENSDK-iOS\/EENSDK-iOS\/EENSDKError.swift",
      "kind": "IntegerLiteral",
      "offset": 971,
      "length": 1,
      "value": "1"
    },
    {
      "filePath": "\/Users\/david\/projects\/vms-new-ios\/EENSDK-iOS\/EENSDK-iOS\/EENSDK-iOS\/EENSDKError.swift",
      "kind": "IntegerLiteral",
      "offset": 1118,
      "length": 1,
      "value": "2"
    },
    {
      "filePath": "\/Users\/david\/projects\/vms-new-ios\/EENSDK-iOS\/EENSDK-iOS\/EENSDK-iOS\/EENSDKError.swift",
      "kind": "IntegerLiteral",
      "offset": 971,
      "length": 1,
      "value": "1"
    },
    {
      "filePath": "\/Users\/david\/projects\/vms-new-ios\/EENSDK-iOS\/EENSDK-iOS\/EENSDK-iOS\/EENSDKError.swift",
      "kind": "IntegerLiteral",
      "offset": 1118,
      "length": 1,
      "value": "2"
    }
  ]
}